City_ID,City,Country,Lat,Lng,Max Temp,Humidity,Cloudiness,Wind Speed,Current Description
0,Arraial Do Cabo,BR,-22.9661,-42.0278,84.16,65,0,12.66,clear sky
1,Ushuaia,AR,-54.8,-68.3,38.86,81,90,0.0,overcast clouds
2,Pangody,RU,65.85,74.4859,36.73,65,70,8.25,broken clouds
3,Buala,SB,-8.145,159.5921,80.01,82,9,5.86,clear sky
4,Anaconda,US,46.1285,-112.9423,61.95,26,100,6.17,overcast clouds
5,Sao Filipe,CV,14.8961,-24.4956,76.48,66,7,9.04,clear sky
6,Hasaki,JP,35.7333,140.8333,66.49,86,100,0.22,overcast clouds
7,Mataura,NZ,-46.1927,168.8643,43.68,87,90,2.26,overcast clouds
8,Vila Velha,BR,-20.3297,-40.2925,80.55,69,20,11.01,few clouds
9,Hobart,AU,-42.8794,147.3294,51.8,76,40,9.22,scattered clouds
10,Trud,BG,42.2333,24.7333,70.02,73,90,4.61,light rain
11,Panguna,PG,-6.3164,155.4848,67.15,96,33,2.19,scattered clouds
12,Rikitea,PF,-23.1203,-134.9692,76.55,83,98,14.29,overcast clouds
13,Tiksi,RU,71.6872,128.8694,43.41,66,87,8.9,overcast clouds
14,Bredasdorp,ZA,-34.5322,20.0403,51.8,54,7,6.91,clear sky
15,Menongue,AO,-14.6585,17.691,59.2,46,92,4.76,overcast clouds
16,Altay,CN,47.8667,88.1167,53.44,33,1,6.78,clear sky
17,Mahebourg,MU,-20.4081,57.7,75.49,78,20,9.22,few clouds
18,Pevek,RU,69.7008,170.3133,46.83,73,29,12.73,scattered clouds
19,Longyearbyen,SJ,78.2186,15.6401,37.4,75,0,8.05,clear sky
20,Tasiilaq,GL,65.6145,-37.6368,44.6,76,75,4.61,broken clouds
21,Vaini,TO,-21.2,-175.2,71.76,88,40,6.91,scattered clouds
22,Hermanus,ZA,-34.4187,19.2345,63.66,46,8,8.86,clear sky
23,Puerto Ayora,EC,-0.7393,-90.3518,82.36,87,24,5.01,few clouds
24,Huittinen,FI,61.1833,22.7,74.23,53,15,6.2,few clouds
25,Atuona,PF,-9.8,-139.0333,79.92,63,64,9.66,broken clouds
26,Pitelino,RU,54.5777,41.8145,57.24,94,100,7.63,overcast clouds
27,Punta Arenas,CL,-53.15,-70.9167,42.91,70,0,9.78,clear sky
28,Kaitangata,NZ,-46.2817,169.8464,48.0,96,72,1.99,light rain
29,Lumeje,AO,-11.55,20.7833,63.25,52,99,4.29,overcast clouds
30,Butaritari,KI,3.0707,172.7902,81.81,73,27,4.68,light rain
31,Oranjemund,NA,-28.55,16.4333,66.76,35,0,2.75,clear sky
32,Jamestown,US,42.097,-79.2353,85.08,45,1,11.99,clear sky
33,Turtas,RU,58.9417,69.1325,56.14,96,74,3.62,light rain
34,Avarua,CK,-21.2078,-159.775,71.65,68,75,4.61,broken clouds
35,Waipawa,NZ,-41.4122,175.5153,52.45,88,100,1.05,overcast clouds
36,Talnakh,RU,69.4865,88.3972,29.8,99,100,3.49,light snow
37,Albany,US,42.6001,-73.9662,92.08,40,64,1.01,broken clouds
38,San Patricio,US,28.017,-97.5169,91.81,64,3,17.58,clear sky
39,Bhawana,PK,31.5692,72.649,98.46,23,0,6.53,clear sky
40,Saint-Philippe,RE,-21.3585,55.7679,71.22,84,78,13.02,light rain
41,Khatanga,RU,71.9667,102.5,32.2,90,95,4.99,overcast clouds
42,Airai,TL,-8.9266,125.4092,55.67,86,98,2.8,overcast clouds
43,Atar,MR,20.5169,-13.0499,104.05,20,10,24.16,sand
44,Kavieng,PG,-2.5744,150.7967,81.27,76,92,4.59,light rain
45,Kapaa,US,22.0752,-159.319,80.58,76,75,1.99,light rain
46,Mogadishu,SO,2.0371,45.3438,79.29,85,98,20.87,overcast clouds
47,Salalah,OM,17.0151,54.0924,84.2,89,40,8.05,scattered clouds
48,Egvekinot,RU,66.3167,-179.1667,33.35,78,18,1.7,few clouds
49,Cayenne,GF,4.9333,-52.3333,84.24,79,75,3.0,broken clouds
50,Mar Del Plata,AR,-38.0023,-57.5575,57.99,59,75,1.99,broken clouds
51,Constitucion,CL,-35.3333,-72.4167,55.71,53,91,8.48,overcast clouds
52,Dikson,RU,73.5069,80.5464,30.07,86,100,10.33,overcast clouds
53,Victoria,HK,22.2855,114.1577,82.0,85,17,7.11,few clouds
54,Marquette,US,46.5333,-87.6335,89.04,49,96,10.8,overcast clouds
55,Thohoyandou,ZA,-22.9456,30.485,54.12,86,87,4.07,overcast clouds
56,Zabol,AF,32.25,67.25,78.96,12,0,8.7,clear sky
57,Susuman,RU,62.7833,148.1667,42.64,78,54,7.27,broken clouds
58,Dinhata,IN,26.1333,89.4667,80.38,85,37,9.86,heavy intensity rain
59,Lompoc,US,34.6391,-120.4579,70.7,81,90,4.0,overcast clouds
60,Xinxiang,CN,35.3089,113.8672,85.17,46,100,6.53,overcast clouds
61,Moanda,GA,-1.5575,13.2178,77.0,100,20,4.61,light rain
62,Miri,MY,4.4148,114.0089,77.14,94,20,5.12,few clouds
63,Cape Town,ZA,-33.9258,18.4232,70.21,34,0,12.01,clear sky
64,Busselton,AU,-33.65,115.3333,50.09,72,31,9.75,scattered clouds
65,Mount Gambier,AU,-37.8333,140.7667,55.31,76,75,17.27,broken clouds
66,Ghanzi,BW,-21.5667,21.7833,53.26,46,0,9.89,clear sky
67,Hovelhof,DE,51.8167,8.65,62.71,87,92,6.71,overcast clouds
68,Saldanha,ZA,-33.0117,17.9442,62.65,46,28,12.3,scattered clouds
69,Pekan,MY,3.4836,103.3996,77.11,85,88,4.23,overcast clouds
70,Chicama,PE,-7.8447,-79.1469,68.0,88,90,8.05,mist
71,Qaqortoq,GL,60.7167,-46.0333,57.7,80,100,7.52,overcast clouds
72,Norman Wells,CA,65.282,-126.8329,46.4,87,90,12.66,light rain
73,Kautokeino,NO,69.0125,23.0412,58.95,25,6,7.23,clear sky
74,Bluff,NZ,-46.6,168.3333,46.22,84,53,7.94,broken clouds
75,Tuktoyaktuk,CA,69.4541,-133.0374,32.0,74,90,8.05,overcast clouds
76,Nikolayevsk-Na-Amure,RU,53.1406,140.73,40.37,96,100,4.68,overcast clouds
77,Udachnyy,RU,66.4167,112.4,43.05,75,95,14.58,light rain
78,Aksu,CN,41.1231,80.2644,80.17,20,92,11.61,overcast clouds
79,Nikolskoye,RU,59.7035,30.7861,69.8,52,0,4.47,clear sky
80,Amazar,RU,53.858,120.875,55.17,68,12,1.83,few clouds
81,Chapais,CA,49.7834,-74.8492,73.18,34,46,8.01,scattered clouds
82,Rognan,NO,67.0953,15.3878,68.76,49,52,5.53,broken clouds
83,Aksarka,RU,66.5606,67.7975,36.73,57,71,8.03,broken clouds
84,Margate,GB,51.3813,1.3862,66.11,82,49,8.1,scattered clouds
85,Nyzhni Sirohozy,UA,46.8484,34.3804,59.86,76,97,7.14,overcast clouds
86,Igarka,RU,67.4667,86.5833,30.0,96,93,6.87,overcast clouds
87,Bethel,US,41.3712,-73.414,94.35,46,1,1.99,clear sky
88,Tierralta,CO,8.1736,-76.0592,86.81,67,98,3.33,overcast clouds
89,Ntungamo,UG,-0.8833,29.65,65.32,93,97,3.02,light rain
90,Korla,CN,41.7597,86.1469,75.43,36,83,10.76,broken clouds
91,Antequera,ES,37.0194,-4.5612,69.94,43,0,5.75,clear sky
92,Hilo,US,19.7297,-155.09,78.24,76,14,1.99,few clouds
93,Luanda,AO,-8.8368,13.2343,77.0,78,0,11.5,clear sky
94,Port Elizabeth,ZA,-33.918,25.5701,64.09,76,0,3.44,clear sky
95,Kahului,US,20.8947,-156.47,78.8,57,40,12.66,scattered clouds
96,Qaanaaq,GL,77.484,-69.3632,40.08,86,79,5.37,broken clouds
97,Yellowknife,CA,62.456,-114.3525,46.92,61,75,18.41,broken clouds
98,Cooma,AU,-36.2333,149.1333,37.17,93,83,2.35,broken clouds
99,Caravelas,BR,-17.7125,-39.2481,79.12,66,14,7.83,few clouds
100,Gazli,UZ,40.1333,63.45,95.0,15,21,12.77,few clouds
101,Chernyshevskiy,RU,63.0128,112.4714,40.75,77,83,13.02,broken clouds
102,East London,ZA,-33.0153,27.9116,59.94,63,0,4.61,clear sky
103,Barrow,US,71.2906,-156.7887,30.22,93,90,13.8,overcast clouds
104,Saskylakh,RU,71.9167,114.0833,35.2,72,71,5.32,broken clouds
105,Valle Del Guamuez,CO,0.4525,-76.9192,72.82,82,98,3.8,overcast clouds
106,Georgetown,MY,5.4112,100.3354,82.33,88,20,3.44,few clouds
107,Provideniya,RU,64.3833,-173.3,38.39,62,9,3.6,clear sky
108,Kruisfontein,ZA,-34.0033,24.7314,63.0,34,0,1.99,clear sky
109,Hithadhoo,MV,-0.6,73.0833,83.28,71,82,12.21,broken clouds
110,Padang,ID,-0.9492,100.3543,76.41,82,84,4.21,broken clouds
111,Ahipara,NZ,-35.1667,173.1667,60.78,89,100,17.05,moderate rain
112,Lulea,SE,65.5842,22.1547,69.87,35,0,4.61,clear sky
113,Ossora,RU,59.2353,163.0719,39.09,97,100,6.62,overcast clouds
114,Sitka,US,57.0531,-135.33,51.69,76,90,3.44,overcast clouds
115,Port Alfred,ZA,-33.5906,26.891,65.19,41,0,9.51,clear sky
116,Athni,IN,16.7333,75.0667,75.74,81,83,13.47,broken clouds
117,Pahrump,US,36.2083,-115.9839,99.68,11,1,4.0,clear sky
118,New Norfolk,AU,-42.7826,147.0587,52.75,81,100,1.99,overcast clouds
119,Huadian,CN,42.9633,126.7478,50.58,92,6,1.12,clear sky
120,Saint George,US,37.1041,-113.5841,100.87,12,1,3.0,clear sky
121,Bathsheba,BB,13.2167,-59.5167,86.61,54,75,18.61,broken clouds
122,Port Blair,IN,11.6667,92.75,83.95,78,96,12.46,overcast clouds
123,Shimoda,JP,34.6667,138.95,68.16,90,100,8.14,overcast clouds
124,Iqaluit,CA,63.7506,-68.5145,37.13,81,75,5.01,broken clouds
125,Castro,BR,-24.7911,-50.0119,73.92,48,88,6.08,overcast clouds
126,Daru,PG,-9.0763,143.2092,76.96,89,97,18.32,overcast clouds
127,Komarno,SK,47.7636,18.1226,71.76,72,7,3.18,clear sky
128,Thompson,CA,55.7435,-97.8558,62.76,72,75,6.91,broken clouds
129,Kutum,SD,14.2,24.6667,85.84,12,9,10.4,clear sky
130,Deputatskiy,RU,69.3,139.9,35.17,80,24,3.2,few clouds
131,Cabo San Lucas,MX,22.8909,-109.9124,93.61,40,1,8.05,clear sky
132,Ucar,AZ,40.519,47.6542,73.36,61,81,7.92,broken clouds
133,Gazanjyk,TM,39.2446,55.5154,79.09,41,0,11.14,clear sky
134,Ostrovnoy,RU,68.0531,39.5131,41.49,76,19,11.39,few clouds
135,Aykhal,RU,66.0,111.5,38.39,87,100,14.83,light rain
136,San Carlos De Bariloche,AR,-41.1456,-71.3082,42.55,65,40,7.23,scattered clouds
137,Acari,PE,-15.4311,-74.6158,76.08,51,24,9.19,few clouds
138,Cherskiy,RU,68.75,161.3,60.85,48,53,15.66,broken clouds
139,Luderitz,NA,-26.6481,15.1594,66.49,39,0,5.23,clear sky
140,Sterling,US,39.0062,-77.4286,95.32,45,40,5.75,scattered clouds
141,Beringovskiy,RU,63.05,179.3167,34.77,99,100,5.3,light rain
142,Bereda,ES,43.2686,-7.5406,64.0,78,90,11.99,overcast clouds
143,Souillac,MU,-20.5167,57.5167,75.58,78,20,8.68,light rain
144,Tazovskiy,RU,67.4667,78.7,31.8,91,83,9.06,broken clouds
145,San Alberto,CO,7.7611,-73.3922,84.54,80,100,3.31,overcast clouds
146,Konosha,RU,60.9736,40.257,62.37,70,73,5.23,broken clouds
147,Puranpur,IN,28.5167,80.15,89.47,32,8,6.33,clear sky
148,Tairua,NZ,-37.0167,175.85,61.0,87,100,15.01,overcast clouds
149,Meulaboh,ID,4.1363,96.1285,75.61,88,100,4.45,overcast clouds
150,Namikupa,TZ,-10.8333,39.6,66.54,78,67,2.91,broken clouds
151,Coari,BR,-4.085,-63.1414,87.89,58,78,2.98,broken clouds
152,Yuanping,CN,38.7153,112.7575,69.57,30,100,1.61,overcast clouds
153,Sept-Iles,CA,50.2001,-66.3821,59.25,69,75,10.0,broken clouds
154,Port Hardy,CA,50.6996,-127.4199,51.98,87,90,10.36,light rain
155,Vila Franca Do Campo,PT,37.7167,-25.4333,68.41,77,99,4.61,overcast clouds
156,Kimbe,PG,-5.5502,150.1429,75.15,92,98,3.49,overcast clouds
157,Klaksvik,FO,62.2266,-6.589,48.2,100,90,10.36,fog
158,Palkonda,IN,18.6,83.75,85.89,72,30,6.24,scattered clouds
159,Yumen,CN,40.2833,97.2,63.97,29,5,10.78,clear sky
160,Bouar,CF,5.934,15.596,67.17,96,74,3.47,light rain
161,Lata,PT,40.1629,-8.3327,79.03,47,0,7.25,clear sky
162,Pochutla,MX,15.7432,-96.4661,92.82,51,63,8.9,broken clouds
163,Hualmay,PE,-11.0964,-77.6139,69.44,67,66,8.63,broken clouds
164,Puerto Carreno,CO,6.189,-67.4859,90.64,55,73,1.36,moderate rain
165,Itacoatiara,BR,-3.1431,-58.4442,92.21,46,55,4.68,broken clouds
166,Poum,NC,-20.2333,164.0167,72.63,61,96,18.63,overcast clouds
167,Sao Joao Da Barra,BR,-21.6403,-41.0511,80.69,74,30,14.63,scattered clouds
168,Kupang,ID,-10.1667,123.5833,75.65,77,89,10.74,overcast clouds
169,Saint-Pierre,RE,-21.3393,55.4781,71.29,80,75,4.61,light rain
170,Aviles,ES,43.5547,-5.9248,64.76,72,40,5.01,scattered clouds
171,Lasa,IT,46.6166,10.7002,66.11,87,99,3.13,overcast clouds
172,Yenagoa,NG,4.9247,6.2642,73.56,96,100,3.83,overcast clouds
173,Mandali,IQ,33.7499,45.5541,92.62,12,0,12.26,clear sky
174,Tagusao,PH,9.1924,117.8141,81.3,83,100,6.87,overcast clouds
175,Irbeyskoye,RU,55.6428,95.4522,45.57,88,59,11.21,broken clouds
176,Reforma,MX,18.1,-91.0167,95.95,40,43,8.41,scattered clouds
177,Codrington,AU,-38.2667,141.9667,56.37,66,100,18.07,overcast clouds
178,Chake Chake,TZ,-5.2459,39.7666,77.14,71,10,15.43,clear sky
179,Moron,AR,-34.6534,-58.6198,61.02,50,70,5.01,broken clouds
180,Awbari,LY,26.5921,12.7805,91.58,12,38,11.14,scattered clouds
181,Carnarvon,AU,-24.8667,113.6333,60.87,77,100,5.75,overcast clouds
182,Pisco,PE,-13.7,-76.2167,66.0,82,90,5.75,overcast clouds
183,Chokurdakh,RU,70.6333,147.9167,34.99,83,100,7.23,overcast clouds
184,Minudasht,IR,37.2289,55.3747,71.17,78,40,1.48,scattered clouds
185,Amarante Do Maranhao,BR,-5.5667,-46.7422,90.1,39,12,5.82,few clouds
186,Torbay,CA,47.6666,-52.7314,46.0,93,90,17.27,light rain
187,Pangnirtung,CA,66.1451,-65.7125,44.6,53,75,10.36,broken clouds
188,La Grande,US,45.3246,-118.0877,59.14,40,100,1.77,overcast clouds
189,Izmit,TR,40.7669,29.9169,71.96,88,0,3.65,clear sky
190,West Bay,KY,19.3667,-81.4167,88.05,70,20,17.49,few clouds
191,Soure,BR,-0.7167,-48.5233,84.97,64,56,5.86,broken clouds
192,Tilichiki,RU,60.4667,166.1,36.77,94,100,7.52,light rain
193,Maturin,VE,9.75,-63.1767,84.31,66,99,5.68,overcast clouds
194,Damaturu,NG,11.747,11.9608,89.44,41,61,12.48,broken clouds
195,Mareeba,AU,-17.0,145.4333,71.6,78,75,5.75,broken clouds
196,High Level,CA,58.5169,-117.136,59.11,72,75,8.66,broken clouds
197,Mahibadhoo,MV,3.7833,72.9667,82.96,75,10,15.1,clear sky
198,Kropotkin,RU,45.4375,40.5756,57.92,89,74,7.87,broken clouds
199,Vorta,RO,46.0167,22.6833,61.7,80,27,2.15,scattered clouds
200,Moranbah,AU,-22.0016,148.0466,50.79,68,50,9.35,scattered clouds
201,Saint-Georges,GD,12.0564,-61.7485,84.2,74,40,21.85,scattered clouds
202,Perigueux,FR,45.1833,0.7167,72.0,49,0,5.75,clear sky
203,Jiuquan,CN,39.7432,98.5174,63.63,27,62,3.11,broken clouds
204,Jambi,ID,-1.6,103.6167,74.3,95,71,2.35,broken clouds
205,Vanimo,PG,-2.6741,141.3028,77.11,89,98,3.91,overcast clouds
206,Guerrero Negro,MX,27.9769,-114.0611,71.51,55,64,9.71,broken clouds
207,Bengkulu,ID,-3.8004,102.2655,74.28,89,14,4.47,few clouds
208,Kodiak,US,57.79,-152.4072,60.31,36,1,21.85,clear sky
209,Ormara,PK,25.2088,64.6357,84.27,74,47,12.21,scattered clouds
210,Wanning,CN,18.8003,110.3967,79.65,91,99,3.13,overcast clouds
211,Anadyr,RU,64.75,177.4833,43.3,65,40,8.01,scattered clouds
212,Batemans Bay,AU,-35.7167,150.1833,48.9,83,35,4.54,scattered clouds
213,Havelock,US,34.8791,-76.9013,84.16,83,75,4.0,broken clouds
214,Port Hedland,AU,-20.3167,118.5667,71.65,60,99,5.75,overcast clouds
215,Athabasca,CA,54.7169,-113.2854,66.61,45,99,13.33,overcast clouds
216,Chuy,UY,-33.6971,-53.4616,57.25,65,100,6.8,overcast clouds
217,Lichinga,MZ,-13.3128,35.2406,55.49,82,0,10.36,clear sky
218,Winkler,CA,49.1817,-97.941,77.0,43,83,17.52,broken clouds
219,Pizarro,CO,4.9533,-77.366,82.9,75,99,8.39,light rain
220,Saquarema,BR,-22.92,-42.5103,84.2,58,0,9.22,clear sky
221,Lebu,CL,-37.6167,-73.65,51.49,67,100,1.07,overcast clouds
222,Loubomo,CG,-4.1997,12.6739,76.87,74,38,2.51,scattered clouds
223,Nemuro,JP,43.3236,145.575,50.74,91,89,5.59,overcast clouds
224,Enumclaw,US,47.2043,-121.9915,52.56,82,100,1.99,light rain
225,Katangli,RU,51.7102,143.2326,38.5,93,100,14.9,overcast clouds
226,Te Anau,NZ,-45.4167,167.7167,36.45,93,20,1.25,few clouds
227,Soyo,AO,-6.1349,12.3689,76.95,84,60,10.65,broken clouds
228,Lae,PG,-6.7221,146.9847,74.71,89,94,4.16,overcast clouds
229,Tarauaca,BR,-8.1614,-70.7656,85.6,61,74,3.47,broken clouds
230,Chepareria,KE,1.3077,35.2039,61.75,76,98,5.64,overcast clouds
231,Omsukchan,RU,62.5333,155.8,39.94,92,100,8.39,overcast clouds
232,Boa Vista,BR,2.8197,-60.6733,75.18,88,75,10.36,broken clouds
233,Puerto Escondido,MX,15.85,-97.0667,90.43,66,40,5.75,scattered clouds
234,Puga,MX,21.5833,-104.8167,91.78,30,90,4.29,overcast clouds
235,Severo-Kurilsk,RU,50.6789,156.125,40.66,95,94,8.81,overcast clouds
236,Merrill,US,45.1805,-89.6835,85.8,45,40,13.8,scattered clouds
237,Palmer,US,42.1584,-72.3287,94.24,39,40,1.99,scattered clouds
238,Tromso,NO,69.6496,18.957,65.05,46,0,16.11,clear sky
239,Jumla,NP,29.2747,82.1838,56.79,90,42,3.22,scattered clouds
240,Aklavik,CA,68.2191,-135.0107,35.6,75,75,4.61,broken clouds
241,Alyangula,AU,-13.8483,136.4192,71.6,94,90,1.14,overcast clouds
242,Lanzhou,CN,36.0564,103.7922,58.28,52,83,5.61,broken clouds
243,Port Macquarie,AU,-31.4333,152.9167,47.37,70,5,5.53,clear sky
244,Okha,RU,53.5739,142.9478,35.4,97,100,14.0,overcast clouds
245,Sola,VU,-13.8833,167.55,75.87,88,90,5.75,overcast clouds
246,Yaan,NG,7.3833,8.5667,78.76,74,95,9.4,overcast clouds
247,Piopio,NZ,-38.4667,175.0167,60.01,93,100,1.99,overcast clouds
248,Okhotsk,RU,59.3833,143.3,42.37,88,100,3.47,overcast clouds
249,Kudat,MY,6.8837,116.8477,76.93,94,20,0.0,few clouds
250,Nizhniy Kuranakh,RU,58.8353,125.4869,67.95,47,76,8.57,broken clouds
251,Stornoway,GB,58.2093,-6.3865,55.36,71,75,10.36,broken clouds
252,Marrakesh,MA,31.6315,-8.0083,96.87,24,20,8.05,few clouds
253,Hervey Bay,AU,-25.2986,152.8535,55.0,84,0,3.0,clear sky
254,Nanortalik,GL,60.1432,-45.2371,45.82,66,100,11.63,overcast clouds
255,Minuri,PH,16.535,121.8574,76.15,95,100,2.33,light rain
256,Olga,RU,43.7444,135.2892,51.44,92,2,6.02,clear sky
257,Fare,PF,-16.7,-151.0167,80.4,72,3,10.74,clear sky
258,Ayan,RU,56.45,138.1667,40.44,91,96,7.18,overcast clouds
259,Nola,IT,40.922,14.5329,77.31,40,79,4.85,broken clouds
260,Vesele,UA,47.0148,34.915,58.06,88,97,7.07,overcast clouds
261,Paka,MY,4.6374,103.4368,75.13,100,100,5.53,overcast clouds
262,Macon,US,39.8667,-88.9668,85.32,61,90,12.66,overcast clouds
263,San Jose,US,37.3394,-121.895,78.96,50,20,1.99,few clouds
264,Senneterre,CA,48.3835,-77.2328,82.62,49,80,7.29,broken clouds
265,Cidreira,BR,-30.1811,-50.2056,63.37,82,100,8.46,light rain
266,Ilulissat,GL,69.2167,-51.1,35.62,87,71,6.91,broken clouds
267,Siuna,NI,13.7332,-84.7773,90.21,49,68,8.43,light rain
268,Vigrestad,NO,58.5667,5.7,62.96,77,99,12.41,overcast clouds
269,Necochea,AR,-38.5473,-58.7368,57.04,50,57,1.88,broken clouds
270,Coquimbo,CL,-29.9533,-71.3436,60.53,72,40,5.86,scattered clouds
271,Faanui,PF,-16.4833,-151.75,80.65,73,4,11.12,clear sky
272,Hakkari,TR,37.5833,44.1667,51.71,38,0,5.77,clear sky
273,Elmira,US,42.0898,-76.8077,90.34,49,40,7.61,scattered clouds
274,Faya,SA,18.3851,42.4509,75.31,58,16,3.42,few clouds
275,Hovd,MN,48.0056,91.6419,48.38,38,9,5.95,clear sky
276,Esperance,AU,-33.8667,121.9,53.44,65,70,27.36,broken clouds
277,Valparaiso,CL,-33.0393,-71.6273,62.24,71,0,4.61,haze
278,Bonfim,BR,3.0833,-59.95,87.3,61,36,6.22,scattered clouds
279,Uetze,DE,52.4651,10.2047,65.41,82,87,8.05,overcast clouds
280,Srednekolymsk,RU,67.45,153.6833,60.44,49,78,8.05,broken clouds
281,Lagoa,PT,39.05,-27.9833,64.2,90,100,14.03,overcast clouds
282,Emba,KZ,48.8264,58.1442,69.4,33,100,7.85,overcast clouds
283,Tynda,RU,55.1667,124.7167,54.0,64,38,2.89,scattered clouds
284,Haines Junction,CA,60.7522,-137.5108,49.95,81,93,1.14,light rain
285,Ribeira Grande,PT,38.5167,-28.7,70.2,78,40,13.8,scattered clouds
286,Lere,NG,10.387,8.5726,81.95,50,92,4.59,overcast clouds
287,Achit,RU,56.7985,57.8994,56.52,74,7,3.85,clear sky
288,Ponta Do Sol,PT,32.6667,-17.1,71.71,74,0,1.92,clear sky
289,Sunland Park,US,31.7965,-106.58,98.38,20,1,5.99,clear sky
290,Kiama,AU,-34.6833,150.8667,53.26,80,21,1.01,few clouds
291,Plettenberg Bay,ZA,-34.0527,23.3716,65.5,30,4,8.97,clear sky
292,Takoradi,GH,4.8845,-1.7554,81.16,76,43,11.41,scattered clouds
293,Alofi,NU,-19.0595,-169.9187,60.69,100,91,1.14,overcast clouds
294,Iwai,JP,36.05,139.9,72.01,81,100,1.36,overcast clouds
295,Clyde River,CA,70.4692,-68.5914,34.03,100,90,10.36,mist
296,Rio Gallegos,AR,-51.6226,-69.2181,44.65,57,75,8.05,broken clouds
297,Altamira,BR,-3.2033,-52.2064,89.69,62,75,4.61,broken clouds
298,Malvern,US,34.3623,-92.813,81.32,78,100,5.59,overcast clouds
299,Hamilton,US,39.1834,-84.5333,83.68,65,40,6.26,scattered clouds
300,Kintampo,GH,8.0563,-1.7306,85.96,53,70,4.34,broken clouds
301,Isangel,VU,-19.55,169.2667,70.88,65,80,12.39,broken clouds
302,Magadan,RU,59.5667,150.8,41.94,87,46,1.59,scattered clouds
303,Alta Floresta,BR,-9.8756,-56.0861,94.82,41,20,4.61,few clouds
304,Duiwelskloof,ZA,-23.6934,30.14,52.86,90,96,1.63,overcast clouds
305,Bambous Virieux,MU,-20.3428,57.7575,75.45,78,20,9.82,few clouds
306,La Sarre,CA,48.8002,-79.1996,81.19,55,24,9.37,few clouds
307,Le Port,RE,-20.9373,55.2919,71.62,78,75,8.84,light rain
308,Barranca,PE,-10.75,-77.7667,68.45,68,80,7.85,broken clouds
309,Usinsk,RU,65.9939,57.5281,43.39,52,99,12.24,overcast clouds
310,Matara,LK,5.9485,80.5353,79.18,89,94,9.62,overcast clouds
311,Najran,SA,17.4924,44.1277,90.25,11,8,4.79,clear sky
312,Lardos,GR,36.0942,28.0157,74.95,71,0,12.01,clear sky
313,Karasjok,NO,69.4719,25.5112,50.11,37,7,6.33,clear sky
314,Oktyabrskoye,RU,43.0645,44.7417,57.34,93,93,1.66,overcast clouds
315,Hambantota,LK,6.1241,81.1185,79.14,100,0,15.17,clear sky
316,Dawlatabad,AF,36.4141,64.9053,91.06,20,0,4.88,clear sky
317,Verkhnevilyuysk,RU,63.4453,120.3167,48.69,81,100,4.81,light rain
318,Dukat,RU,62.55,155.55,38.17,92,99,7.11,overcast clouds
319,San Lazaro,BZ,18.0387,-88.6622,90.66,42,93,12.19,overcast clouds
320,Karratha,AU,-20.7377,116.8463,75.24,66,100,7.36,overcast clouds
321,Noumea,NC,-22.2763,166.4572,71.01,99,96,8.79,overcast clouds
322,Guane,CU,22.2025,-84.0875,90.95,49,32,10.38,scattered clouds
323,Mweka,CD,-4.85,21.5667,76.82,61,61,4.7,broken clouds
324,Tezu,IN,27.9167,96.1667,73.13,97,99,2.77,overcast clouds
325,Ambunti,PG,-4.2365,142.8448,73.2,99,99,2.33,overcast clouds
326,Beira,MZ,-19.8436,34.8389,71.69,73,40,9.22,light rain
327,Yamada,JP,39.4667,141.95,62.96,76,100,6.44,overcast clouds
328,Baykit,RU,61.67,96.37,31.39,79,17,0.72,few clouds
329,Fukue,JP,32.6881,128.8419,69.08,87,100,3.58,overcast clouds
330,Darlawn,IN,24.0167,92.9,68.41,98,100,1.41,light rain
331,Amga,RU,60.8953,131.9608,54.3,78,98,3.69,overcast clouds
332,Aseri,EE,59.4506,26.8675,56.19,83,16,5.59,few clouds
333,Braganca,BR,-1.0536,-46.7656,84.27,75,28,4.41,scattered clouds
334,Nelson Bay,AU,-32.7167,152.15,48.69,90,1,6.71,clear sky
335,Opuwo,NA,-18.0607,13.84,64.26,34,0,9.37,clear sky
336,Keuruu,FI,62.2667,24.7,73.58,57,68,2.1,broken clouds
337,Dingle,PH,10.9995,122.6711,75.94,86,100,2.71,light rain
338,Sungaipenuh,ID,-2.0833,101.3833,62.71,97,55,1.36,broken clouds
339,Bakchar,RU,57.0186,82.0711,57.31,88,75,5.73,light rain
340,Rastolita,RO,46.9726,24.9929,61.56,91,14,3.85,few clouds
341,Swan Hill,AU,-35.3378,143.5544,50.38,75,100,9.95,overcast clouds
342,Waslala,NI,13.2333,-85.3833,86.34,47,81,7.92,light rain
343,Asilah,MA,35.465,-6.0348,75.16,41,1,20.74,clear sky
344,Spalene Porici,CZ,49.6137,13.6056,70.48,83,99,1.83,overcast clouds
345,Upernavik,GL,72.7868,-56.1549,37.26,83,15,3.31,few clouds
346,Krasnoselkup,RU,65.7,82.4667,34.43,72,82,8.32,broken clouds
347,Harnai,PK,30.1005,67.9374,89.46,39,5,1.59,clear sky
348,Paita,PE,-5.0892,-81.1144,77.56,71,99,13.98,overcast clouds
349,Hay River,CA,60.8156,-115.7999,44.58,65,75,14.97,broken clouds
350,Takaka,NZ,-40.85,172.8,56.97,97,100,7.47,overcast clouds
351,Taveta,KE,-3.3963,37.6736,71.19,67,86,5.08,overcast clouds
352,Bonnyville,CA,54.2668,-110.735,66.0,52,100,13.53,overcast clouds
353,Parrita,CR,9.5201,-84.3225,96.57,69,73,8.01,broken clouds
354,Haimen,CN,23.1935,116.6142,76.89,81,86,15.17,overcast clouds
355,Yar-Sale,RU,66.8333,70.8333,37.96,66,69,12.12,broken clouds
356,Longyan,CN,25.1072,117.0225,69.62,99,59,2.59,broken clouds
357,Richards Bay,ZA,-28.783,32.0377,60.55,74,0,7.76,clear sky
358,Shieli,KZ,44.1667,66.75,83.61,32,22,10.85,few clouds
359,San Sebastian,ES,43.3128,-1.975,71.15,74,20,3.0,few clouds
360,Estelle,US,29.8458,-90.1067,78.8,86,90,5.75,heavy intensity rain
361,Evanton,GB,57.6638,-4.34,62.26,79,92,6.35,overcast clouds
362,El Cobre,CU,20.0489,-75.9469,85.44,70,40,6.02,scattered clouds
363,Broumov,CZ,50.5857,16.3318,70.03,76,24,5.28,few clouds
364,Evensk,RU,61.95,159.2333,47.7,82,100,0.47,overcast clouds
365,Pontes E Lacerda,BR,-15.2261,-59.3353,95.13,28,63,4.38,broken clouds
366,Belyy Yar,RU,53.6039,91.3903,48.09,87,0,8.37,clear sky
367,Morehead,US,37.2711,-87.1764,76.71,97,90,8.05,light rain
368,Kamina,CD,-8.7386,24.9906,67.51,57,71,4.41,broken clouds
369,Narsaq,GL,60.9167,-46.05,57.42,65,100,5.37,overcast clouds
370,Pathein,MM,16.7833,94.7333,83.68,76,89,7.54,overcast clouds
371,Kamenka,RU,51.3223,42.7678,57.78,89,60,5.68,broken clouds
372,Patnongon,PH,10.9132,121.9937,78.08,78,100,3.11,overcast clouds
373,Bonthe,SL,7.5264,-12.505,83.28,77,95,11.61,overcast clouds
374,Sobolevo,RU,54.4299,31.8996,59.4,86,50,5.82,moderate rain
375,Kaeo,NZ,-35.1,173.7833,60.33,97,100,18.14,light rain
376,Adelanto,US,34.5828,-117.4092,90.18,17,17,7.94,few clouds
377,Coahuayana,MX,18.7333,-103.6833,94.48,43,94,8.52,overcast clouds
378,Vila,PT,42.0304,-8.1588,71.74,54,30,3.87,scattered clouds
379,Lukovetskiy,RU,64.2956,41.9211,48.18,40,53,11.03,broken clouds
380,Mega,ET,4.05,38.3,61.56,64,61,10.67,broken clouds
381,Namatanai,PG,-3.6667,152.4333,79.03,85,85,3.91,light rain
382,Gushi,CN,34.6425,109.5843,85.01,32,100,4.81,overcast clouds
383,Cartagena,CO,10.3997,-75.5144,89.22,70,75,11.5,broken clouds
384,Peshkovo,RU,47.0187,39.3885,65.88,79,91,10.11,overcast clouds
385,Young,UY,-32.6833,-57.6333,59.23,51,2,9.62,clear sky
386,Chumikan,RU,54.7183,135.315,33.64,98,91,0.67,overcast clouds
387,Black River,JM,18.0264,-77.8487,87.8,55,5,20.24,clear sky
388,Znamenskoye,RU,57.1281,73.8282,58.15,75,6,6.06,clear sky
389,Vung Tau,VN,10.346,107.0843,82.47,82,100,14.5,overcast clouds
390,Turayf,SA,31.6725,38.6637,84.45,17,0,5.75,clear sky
391,Shizunai,JP,42.3339,142.3669,54.64,90,98,5.77,overcast clouds
392,Milkovo,RU,54.7167,158.6167,40.73,90,100,0.74,overcast clouds
393,Merauke,ID,-8.4667,140.3333,75.97,90,99,14.32,overcast clouds
394,Okakarara,NA,-20.5833,17.4333,53.74,40,0,7.94,clear sky
395,Yorosso,ML,12.3536,-4.7761,99.45,23,29,14.94,scattered clouds
396,Jijiga,ET,9.35,42.8,66.94,69,32,12.24,scattered clouds
397,Kiunga,PG,-6.1219,141.2906,73.09,100,94,1.1,overcast clouds
398,Bandarbeyla,SO,9.4942,50.8122,81.0,80,2,28.86,clear sky
399,Atocha,BO,-20.9333,-66.2333,47.14,15,6,31.18,clear sky
400,Providencia,MX,28.7167,-111.5833,100.62,20,48,8.99,scattered clouds
401,Ballina,AU,-28.8667,153.5667,48.94,96,12,0.0,few clouds
402,Prince Rupert,CA,54.3161,-130.3201,50.09,87,90,9.22,light rain
403,Grand Gaube,MU,-20.0064,57.6608,75.6,85,31,3.0,scattered clouds
404,Leningradskiy,RU,69.3833,178.4167,35.31,90,97,11.7,overcast clouds
405,Along,IN,28.1667,94.7667,72.27,98,98,0.56,overcast clouds
406,Zhigansk,RU,66.7697,123.3711,46.35,50,55,7.7,broken clouds
407,Reconquista,AR,-29.15,-59.65,69.06,46,13,13.78,few clouds
408,Flinders,AU,-34.5833,150.8552,53.06,84,22,1.01,few clouds
409,Luau,AO,-10.7073,22.2247,65.25,47,49,4.72,scattered clouds
410,Uruzgan,AF,32.8333,66.0,79.57,10,0,1.92,clear sky
411,Zhezkazgan,KZ,47.8043,67.7144,66.99,23,71,10.42,broken clouds
412,Vanavara,RU,60.34,102.2797,34.48,73,2,5.06,clear sky
413,Xichang,CN,27.8964,102.2634,66.33,94,79,2.68,moderate rain
414,Iquique,CL,-20.2208,-70.1431,62.64,63,100,9.08,overcast clouds
415,Soe,ID,-9.8607,124.284,61.56,91,35,4.54,scattered clouds
416,Barcelona,ES,41.3888,2.159,77.9,65,20,1.99,few clouds
417,Puksoozero,RU,62.5903,40.6066,57.11,90,84,8.7,moderate rain
418,Biak,ID,-0.9131,122.8766,75.29,74,90,5.26,overcast clouds
419,Sfantu Gheorghe,RO,45.8667,25.7833,57.27,89,32,2.62,scattered clouds
420,Korem,ET,12.5058,39.5228,65.16,36,28,3.76,scattered clouds
421,Tatvan,TR,38.5067,42.2817,52.47,57,2,4.18,clear sky
422,Peniche,PT,39.3558,-9.3811,72.88,79,0,17.18,clear sky
423,Bahnea,RO,46.3667,24.4833,67.82,68,90,3.13,overcast clouds
424,Homer,US,59.6425,-151.5483,58.77,75,1,8.05,clear sky
425,Kavaratti,IN,10.5669,72.642,82.83,74,100,10.49,overcast clouds
426,Puertollano,ES,38.6871,-4.1073,85.08,30,2,7.05,clear sky
427,Jiwani,PK,25.05,61.7417,84.54,74,13,7.83,few clouds
428,Togur,RU,58.3631,82.8265,56.23,92,99,11.3,overcast clouds
429,Solwezi,ZM,-12.1688,26.3894,61.39,57,92,3.67,overcast clouds
430,Labuhan,ID,-6.8844,112.2051,78.39,85,34,4.92,scattered clouds
431,Riyadh,SA,24.6877,46.7219,104.05,7,0,9.22,clear sky
432,Sinegorye,RU,62.0788,150.477,46.08,74,26,5.26,scattered clouds
433,Roald,NO,62.5833,6.1333,59.92,88,75,6.91,broken clouds
434,Port-Gentil,GA,-0.7193,8.7815,80.56,83,40,10.36,scattered clouds
435,Honningsvag,NO,70.9821,25.9704,39.52,69,7,3.96,clear sky
436,Vostok,RU,46.4856,135.8833,44.15,94,100,4.79,overcast clouds
437,Elizabeth City,US,36.2946,-76.2511,94.01,62,1,3.0,clear sky
438,Bonaventure,CA,48.0457,-65.4926,70.39,72,100,10.51,overcast clouds
439,Namibe,AO,-15.1961,12.1522,75.83,83,0,6.91,clear sky
440,Ugoofaaru,MV,5.6667,73.0,82.71,76,96,15.19,overcast clouds
441,The Valley,AI,18.217,-63.0578,84.34,70,40,16.11,scattered clouds
442,Ancud,CL,-41.8697,-73.8203,50.43,80,100,15.5,overcast clouds
443,Pangkalanbuun,ID,-2.6833,111.6167,73.99,98,100,1.28,overcast clouds
444,Kidal,ML,18.4411,1.4078,104.97,10,6,13.29,clear sky
445,Peyima,SL,8.7,-11.0333,80.46,76,96,3.49,overcast clouds
446,Santander,ES,43.4647,-3.8044,64.98,84,20,5.99,few clouds
447,Tadine,NC,-21.55,167.8833,70.16,61,99,12.82,overcast clouds
448,Beyneu,KZ,45.3167,55.2,66.97,50,2,9.01,clear sky
449,Washington,US,47.5001,-120.5015,56.57,44,100,1.39,overcast clouds
450,Camden,US,39.7835,-74.9663,95.81,45,4,3.0,clear sky
451,Shingu,JP,33.7333,135.9833,68.59,81,100,4.27,overcast clouds
452,Whitehorse,CA,60.7161,-135.0538,52.02,76,75,3.0,light rain
453,Tari,NG,12.4086,4.4914,78.22,68,100,12.12,moderate rain
454,Tura,IN,25.5198,90.2201,73.29,97,67,6.91,moderate rain
455,Mbengwi,CM,6.0167,10.0,65.08,96,100,2.08,moderate rain
456,Tabou,CI,4.423,-7.3528,79.84,81,100,9.4,overcast clouds
457,Straumen,NO,63.8709,11.2999,60.8,95,100,4.32,overcast clouds
458,Hofn,IS,64.2539,-15.2082,47.3,92,100,10.76,overcast clouds
459,Gushikawa,JP,26.3544,127.8686,75.2,92,90,6.26,moderate rain
460,Ferrol,ES,43.4832,-8.2369,70.05,81,97,15.97,overcast clouds
461,Quepos,CR,9.4236,-84.1652,96.1,73,95,6.8,overcast clouds
462,Berlevag,NO,70.8578,29.0864,40.8,71,6,4.32,clear sky
463,Oistins,BB,13.0667,-59.5333,86.09,54,75,20.71,broken clouds
464,Maraa,BR,-1.8333,-65.3667,82.08,85,96,3.0,overcast clouds
465,Tiarei,PF,-17.5333,-149.3333,82.42,76,24,11.48,few clouds
466,Urengoy,RU,65.9667,78.3667,34.34,74,25,7.34,scattered clouds
467,Saint-Louis,SN,16.3333,-15.0,110.84,9,5,8.48,clear sky
468,Huarmey,PE,-10.0681,-78.1522,70.27,69,68,9.8,broken clouds
469,Mahina,PF,-17.5065,-149.489,82.17,74,20,10.13,few clouds
470,Bukama,CD,-9.2,25.85,72.01,53,62,1.12,broken clouds
471,Yeppoon,AU,-23.1333,150.7333,47.98,85,4,7.65,clear sky
472,Gua Musang,MY,4.8823,101.9644,71.96,97,100,1.41,overcast clouds
473,Toamasina,MG,-18.1667,49.3833,69.8,88,75,14.97,light rain
474,Saint-Francois,FR,46.4154,3.9054,63.48,84,90,11.5,overcast clouds
475,Atlantic Beach,US,30.3344,-81.3987,95.22,69,1,16.11,clear sky
476,Touros,BR,-5.1989,-35.4608,81.5,79,38,13.73,scattered clouds
477,Santa,PH,17.486,120.4348,79.59,86,100,4.47,overcast clouds
478,Storforshei,NO,66.4043,14.5233,67.78,45,75,3.87,broken clouds
479,Bubaque,GW,11.2833,-15.8333,79.63,84,68,16.82,broken clouds
480,Sao Jose Da Coroa Grande,BR,-8.8978,-35.1478,78.04,81,53,10.07,broken clouds
481,Morant Bay,JM,17.8815,-76.4093,88.63,70,34,14.52,scattered clouds
482,Lufilufi,WS,-13.8745,-171.5986,74.98,75,33,6.11,light rain
483,Diffa,NE,13.3154,12.6113,92.68,28,8,8.75,clear sky
484,Husavik,IS,66.0449,-17.3389,58.91,60,96,11.65,overcast clouds
485,Morondava,MG,-20.2833,44.2833,74.64,56,90,13.47,overcast clouds
486,Shenjiamen,CN,29.9576,122.298,68.5,86,0,6.89,clear sky
487,Nome,US,64.5011,-165.4064,37.17,93,90,8.05,light rain
488,Fairbanks,US,64.8378,-147.7164,64.49,57,1,0.0,clear sky
489,Havoysund,NO,70.9963,24.6622,43.68,67,6,6.38,clear sky
490,Tumut,AU,-35.3,148.2167,34.79,93,100,1.97,overcast clouds
491,Gat,IL,31.61,34.7642,74.8,8,0,4.03,clear sky
492,Oblivskaya,RU,48.5362,42.5014,59.95,83,100,6.87,overcast clouds
493,Ust-Nera,RU,64.5667,143.2,58.8,75,100,5.57,overcast clouds
494,Acarau,BR,-2.8856,-40.12,80.31,80,58,9.33,broken clouds
495,Abu Samrah,SY,35.3029,37.1841,71.4,37,0,8.75,clear sky
496,Dudinka,RU,69.4058,86.1778,31.08,98,100,7.02,overcast clouds
497,Saint-Hyacinthe,CA,45.6168,-72.9491,88.03,52,58,11.65,broken clouds
498,Sinop,TR,41.7711,34.8709,51.13,66,3,4.79,clear sky
499,Katsuura,JP,35.1333,140.3,70.11,89,100,1.81,overcast clouds
500,Kieta,PG,-6.2167,155.6333,78.13,85,100,4.83,light rain
501,Mandan,US,46.8267,-100.8896,80.58,27,1,23.02,clear sky
502,Henties Bay,NA,-22.116,14.2845,77.86,40,0,2.1,clear sky
503,Catamarca,AR,-28.4696,-65.7852,72.5,45,6,7.0,clear sky
504,Lesnoy,RU,57.6198,63.0784,58.66,57,18,5.46,few clouds
505,Barra Dos Coqueiros,BR,-10.9089,-37.0386,82.42,69,40,11.5,scattered clouds
506,Guanica,PR,17.9716,-66.908,87.98,70,86,11.99,overcast clouds
507,Peace River,CA,56.2501,-117.286,64.71,39,90,8.28,overcast clouds
508,Castelo Do Piaui,BR,-5.3222,-41.5525,94.17,30,94,4.18,overcast clouds
509,Cavalcante,BR,-13.7975,-47.4583,81.03,37,100,8.19,overcast clouds
510,Neuquen,AR,-38.9516,-68.0591,57.09,44,0,10.36,clear sky
511,Komsomolskiy,UZ,40.4272,71.7189,88.52,22,96,6.91,overcast clouds
512,Sulphur,US,30.2366,-93.3774,86.0,71,40,11.16,scattered clouds
513,Fortuna,US,40.5982,-124.1573,67.42,62,40,5.99,scattered clouds
514,Tabatinga,BR,-4.2525,-69.9381,84.29,74,40,5.75,scattered clouds
515,Sidi Ali,DZ,36.0998,0.4206,68.5,65,0,6.04,clear sky
516,Windhoek,NA,-22.5594,17.0832,55.6,40,0,3.44,clear sky
517,Farsund,NO,58.0948,6.8047,58.95,86,18,13.33,few clouds
518,Barra Da Estiva,BR,-13.6261,-41.3269,67.41,73,99,4.76,overcast clouds
519,Kota,IN,25.1833,75.8333,90.32,42,51,11.43,broken clouds
520,Channel-Port Aux Basques,CA,47.5702,-59.1367,52.38,65,0,14.34,clear sky
521,Voyvozh,RU,62.892,54.9635,54.73,41,100,4.12,overcast clouds
522,Curvelo,BR,-18.7564,-44.4308,80.29,39,100,5.59,overcast clouds
523,Nara,JP,34.6851,135.8049,69.49,74,100,1.14,overcast clouds
524,Asekeyevo,RU,53.5742,52.7972,58.17,60,9,3.85,clear sky
525,Vao,NC,-22.6667,167.4833,70.29,67,100,15.28,overcast clouds
526,Bage,BR,-31.3314,-54.1069,58.78,67,0,11.5,clear sky
527,Tirlyanskiy,RU,54.2109,58.5806,50.2,79,9,2.24,clear sky
528,Nizwa,OM,22.9333,57.5333,88.63,53,0,5.06,clear sky
529,Geraldton,AU,-28.7667,114.6,52.21,87,70,13.2,broken clouds
530,Seoul,KR,37.5683,126.9778,66.61,83,20,3.29,few clouds
531,Velingara,SN,13.15,-14.1167,101.84,21,0,3.4,clear sky
532,Turukhansk,RU,65.8167,87.9833,32.27,93,86,3.15,overcast clouds
533,Santa Isabel Do Rio Negro,BR,-0.4139,-65.0192,90.19,51,64,4.16,broken clouds
534,Kununurra,AU,-15.7667,128.7333,62.58,63,90,5.75,overcast clouds
535,Derzhavinsk,KZ,51.1,66.3167,61.38,36,65,7.83,broken clouds
536,Bilibino,RU,68.0546,166.4372,60.84,48,6,4.74,clear sky
537,Alanya,TR,36.5438,31.9998,75.2,69,0,4.61,clear sky
538,Walvis Bay,NA,-22.9575,14.5053,78.1,25,0,5.79,clear sky
539,Ha Giang,VN,22.8333,104.9833,76.21,98,97,0.78,overcast clouds
540,Vestmannaeyjar,IS,63.4427,-20.2734,47.39,93,90,11.5,heavy intensity drizzle
541,Port Augusta,AU,-32.5,137.7667,57.34,66,5,13.13,clear sky
542,Muzaffarabad,PK,34.37,73.4711,76.44,67,0,5.21,clear sky
543,Avera,US,33.194,-82.5271,90.91,41,100,4.47,overcast clouds
544,Aktau,KZ,43.65,51.2,68.58,62,0,9.17,clear sky
545,Vaitape,PF,-16.5167,-151.75,80.74,74,23,11.05,few clouds
546,Jatai,BR,-17.8814,-51.7144,85.1,29,96,5.61,overcast clouds
547,Kisangani,CD,0.5167,25.2,71.19,97,100,1.95,overcast clouds
548,Northam,GB,51.0333,-4.2167,65.82,85,27,5.48,scattered clouds
549,Yakymivka,UA,46.6897,35.1536,58.91,78,100,8.19,overcast clouds
550,Gedo,ET,9.0167,37.45,54.01,87,5,1.57,light rain
551,Roma,US,43.2128,-75.4557,88.9,45,1,1.01,clear sky
552,Tawau,MY,4.2498,117.8871,75.33,94,100,1.99,overcast clouds
553,Cockburn Town,TC,21.4612,-71.1419,80.1,80,6,21.61,clear sky
554,Tautira,PF,-17.7333,-149.15,82.42,74,21,12.08,few clouds
555,Kibala,TD,9.1104,18.3463,84.15,74,0,0.0,clear sky
556,Quang Ngai,VN,15.1167,108.8,79.7,83,100,3.71,overcast clouds
557,Karaton,ID,-6.3424,106.1045,78.96,95,100,3.6,overcast clouds
558,Yarensk,RU,62.1675,49.0916,55.31,83,8,5.14,clear sky
559,Moscow,RU,55.7522,37.6156,64.99,82,20,8.95,moderate rain
560,Mount Isa,AU,-20.7333,139.5,46.17,66,0,5.75,clear sky
561,Port Lincoln,AU,-34.7333,135.8667,59.86,52,100,21.21,overcast clouds
562,Bismarck,US,46.8083,-100.7837,80.6,24,1,21.85,clear sky
563,Ust-Kulom,RU,61.6864,53.6902,55.9,66,50,4.23,scattered clouds
564,Ouesso,CG,1.6136,16.0517,70.48,94,98,2.46,overcast clouds
565,Baculin,PH,7.4525,126.5842,76.98,87,97,3.51,overcast clouds
566,Kuna,US,43.4918,-116.4201,68.56,35,1,1.01,clear sky
567,Sokoni,TZ,-6.4333,39.55,80.46,73,5,19.04,clear sky
568,Lokosovo,RU,61.1333,74.8167,43.29,70,3,5.82,clear sky
569,Sinnamary,GF,5.3833,-52.95,76.57,90,100,9.78,overcast clouds
570,Kjollefjord,NO,70.9457,27.3465,40.15,66,5,2.91,clear sky
571,Lorengau,PG,-2.0226,147.2712,79.68,79,100,3.71,overcast clouds
572,La Cruz,MX,23.9167,-106.9,91.47,62,1,8.99,clear sky
573,Grand-Santi,GF,4.25,-54.3833,85.75,63,99,5.55,overcast clouds
574,Say,NE,13.1007,2.3689,97.36,28,98,11.7,overcast clouds
575,Jalu,LY,29.0331,21.5482,82.31,19,0,6.55,clear sky
576,Petropavlovsk-Kamchatskiy,RU,53.0452,158.6483,41.59,100,90,2.24,light rain
577,Pringsewu,ID,-5.3582,104.9744,73.65,97,99,4.63,overcast clouds
578,Hobyo,SO,5.3505,48.5268,79.12,86,51,26.66,broken clouds
579,Sur,OM,22.5667,59.5289,84.2,78,0,16.2,clear sky
580,Kedrovyy,RU,56.1667,91.8167,54.01,88,100,11.79,overcast clouds
581,Nuevitas,CU,21.5453,-77.2644,82.4,83,40,16.11,scattered clouds
582,Praia,CV,14.9215,-23.5087,78.8,61,20,23.02,few clouds
583,Tuatapere,NZ,-46.1333,167.6833,41.25,90,28,4.25,scattered clouds
584,Durango,MX,24.8333,-104.8333,82.2,17,3,5.99,clear sky
585,Nyakahanga,TZ,-1.6033,31.1414,63.97,70,100,1.72,overcast clouds
586,Hernani,ES,43.2662,-1.9762,69.4,73,20,3.0,few clouds
587,Halifax,CA,44.6453,-63.5724,78.69,48,51,5.75,broken clouds
588,Uman,UA,48.7484,30.2218,57.52,87,100,4.88,overcast clouds
589,Lerwick,GB,60.1545,-1.1494,53.6,79,84,7.76,broken clouds
590,Novikovo,RU,51.1537,37.8879,56.37,90,8,4.05,clear sky
591,Angoram,PG,-4.0625,144.0661,72.79,99,100,1.99,moderate rain
592,Rio Novo Do Sul,BR,-20.8625,-40.9364,78.26,68,100,7.49,overcast clouds
593,Laguna,US,38.421,-121.4238,88.21,42,1,3.0,clear sky
594,Cleveland,US,41.4995,-81.6954,89.6,50,20,1.01,few clouds
595,Elos,GR,36.8327,22.6983,75.18,64,91,3.15,overcast clouds
596,Comodoro Rivadavia,AR,-45.8667,-67.5,55.26,41,0,11.5,clear sky
597,Oranjestad,AW,12.524,-70.027,85.95,66,20,21.85,few clouds
598,Floro,NO,61.5996,5.0328,57.2,77,11,9.22,few clouds
599,Port Hawkesbury,CA,45.6169,-61.3485,59.0,72,1,12.66,clear sky
600,Whitianga,NZ,-36.8333,175.7,57.02,93,100,20.09,light rain
601,Bukachacha,RU,52.9833,116.9167,55.36,60,12,2.57,few clouds
602,Banda Aceh,ID,5.5577,95.3222,79.93,76,100,13.56,overcast clouds
603,Qui Nhon,VN,13.7667,109.2333,81.3,79,100,5.41,overcast clouds
604,Lianran,CN,24.9227,102.485,62.6,94,90,6.71,moderate rain
605,Mankachar,IN,25.5333,89.8667,78.76,89,96,13.11,moderate rain
606,Moen,NO,69.1304,18.6123,64.4,32,0,6.91,clear sky
607,Srostki,RU,52.4189,85.7022,50.67,87,0,5.08,clear sky
608,Terra Santa,BR,-2.1042,-56.4869,91.81,44,100,6.8,overcast clouds
609,Zyryanka,RU,65.75,150.85,47.28,69,100,14.36,overcast clouds
610,Russell,US,32.3502,-85.1999,87.51,58,75,1.88,broken clouds
611,Lavrentiya,RU,65.5833,-171.0,34.74,81,99,5.93,overcast clouds
612,Tungor,RU,53.3808,142.9564,35.47,98,100,14.27,overcast clouds
613,Hohhot,CN,40.8106,111.6522,66.2,55,0,4.47,clear sky
614,Talkha,EG,31.0539,31.3779,68.22,69,0,7.09,clear sky
615,Kurumkan,RU,54.3,110.3,49.35,84,100,2.57,overcast clouds
616,Pontianak,ID,-0.0333,109.3333,75.18,100,40,2.95,scattered clouds
617,Majene,ID,-3.5403,118.9707,78.08,84,93,4.99,overcast clouds
618,Palana,RU,59.1167,159.9667,40.96,86,100,6.29,overcast clouds
619,Kerekegyhaza,HU,46.9372,19.4781,75.83,70,0,5.39,clear sky
620,Lakes Entrance,AU,-37.8811,147.981,51.19,73,100,9.22,overcast clouds
621,Rehoboth,NA,-23.3167,17.0833,55.94,34,0,6.76,clear sky
622,Westport,US,41.1415,-73.3579,98.28,43,1,1.01,clear sky
623,Vestmanna,FO,62.1564,-7.1664,47.32,100,90,11.95,fog
624,Ajdabiya,LY,30.7554,20.2263,73.58,54,0,13.04,clear sky
625,Ulladulla,AU,-35.35,150.4667,52.88,80,100,5.1,overcast clouds
626,Preston,GB,53.7667,-2.7167,69.78,58,4,4.47,clear sky
627,Yarmouth,US,41.7057,-70.2286,84.2,48,1,10.36,clear sky
628,Zhenlai,CN,45.8495,123.2973,59.74,59,39,4.5,scattered clouds
629,Ust-Tarka,RU,55.5672,75.705,55.81,74,5,8.3,clear sky
630,Getahovit,AM,40.8978,45.1392,56.5,97,72,0.78,broken clouds
631,Romitan,UZ,39.9343,64.3814,95.0,23,0,6.91,clear sky
632,Bonavista,CA,48.6499,-53.1147,50.0,71,100,8.05,overcast clouds
633,Acapulco,MX,16.8634,-99.8901,89.42,66,40,9.86,scattered clouds
634,Mapiripan,CO,2.8892,-72.1256,80.24,87,100,5.97,overcast clouds
635,Staryy Nadym,RU,65.6118,72.6842,37.36,66,11,7.63,few clouds
636,Joshimath,IN,30.5667,79.5667,64.6,68,24,4.61,few clouds
637,Saurimo,AO,-9.6608,20.3916,64.81,49,19,5.3,few clouds
638,Galle,LK,6.0367,80.217,80.82,83,100,11.79,overcast clouds
639,Novyy Urengoy,RU,66.0833,76.6333,36.25,72,74,10.63,broken clouds
640,Linxia,CN,35.6003,103.2064,55.53,76,98,2.55,overcast clouds
641,Valledupar,CO,10.4631,-73.2532,94.57,38,100,2.64,overcast clouds
642,Carauari,BR,-4.8828,-66.8958,86.72,72,87,1.52,overcast clouds
643,Jiayuguan,CN,39.8167,98.3,61.95,28,3,4.94,clear sky
644,Paamiut,GL,61.994,-49.6678,37.9,97,100,2.3,light rain
645,Leshukonskoye,RU,64.8989,45.7622,44.49,52,44,8.97,scattered clouds
646,Krasnyy Oktyabr,RU,56.1167,38.8833,57.42,94,88,3.96,overcast clouds
647,Aleksandrov Gay,RU,50.147,48.5704,63.9,72,68,4.92,broken clouds
648,Neiafu,TO,-18.65,-173.9833,74.08,83,20,5.75,few clouds
649,Charters Towers,AU,-20.1,146.2667,56.8,86,15,7.38,few clouds
650,Maumere,ID,-8.6199,122.2111,77.61,81,99,1.79,overcast clouds
651,Florence,IT,43.7667,11.25,74.88,63,20,6.91,few clouds
652,Sivas,TR,39.7916,37.0019,50.63,66,0,4.61,clear sky
653,Rietavas,LT,55.7194,21.9311,59.61,77,90,4.43,overcast clouds
654,Nuuk,GL,64.1835,-51.7216,43.41,93,75,10.36,light rain
655,El Tigre,VE,8.8875,-64.2454,85.19,55,59,12.35,broken clouds
656,Ongandjera,NA,-17.8833,15.0667,65.28,32,0,9.4,clear sky
657,Amarkantak,IN,22.6667,81.75,77.59,53,7,5.32,clear sky
658,Belaya Gora,RU,68.5333,146.4167,38.07,91,100,7.36,overcast clouds
659,Hidalgo,MX,20.5,-99.0,80.44,29,88,4.63,overcast clouds
660,Porto Novo,BJ,6.4965,2.6036,82.22,78,100,7.76,overcast clouds
661,Tupik,RU,54.4253,119.9327,53.4,70,6,5.41,clear sky
662,Ambilobe,MG,-13.2,49.05,71.82,87,85,4.25,overcast clouds
663,Waitati,NZ,-45.75,170.5667,43.81,87,100,2.51,overcast clouds
664,Seminole,US,28.7086,-81.2081,97.36,59,75,1.99,broken clouds
